"2020 Apple MacBook Air Laptop",86990,2022-05-23
"2020 Apple MacBook Air Laptop",92990,2022-05-23
"2020 Apple MacBook Air Laptop",86990,2022-05-23
"2020 Apple MacBook Air Laptop",86990,2022-05-23
"2020 Apple MacBook Air Laptop",90990,2022-05-23
"2020 Apple MacBook Air Laptop",86990,2022-05-23
"2020 Apple MacBook Air Laptop",100090,2022-05-23
"2020 Apple MacBook Air Laptop",76990,2022-05-23
"2020 Apple MacBook Air Laptop",100990,2022-05-23
"2020 Apple MacBook Air Laptop",89990,2022-05-23
"2020 Apple MacBook Air Laptop",96990,2022-05-23
"2020 Apple MacBook Air Laptop",96990,2022-05-23
"2020 Apple MacBook Air Laptop",100990,2022-05-23
"2020 Apple MacBook Air Laptop",99990,2022-05-23
"2020 Apple MacBook Air Laptop",96990,2022-05-23
"2020 Apple MacBook Air Laptop",76990,2022-05-23
"2020 Apple MacBook Air Laptop",95990,2022-05-23
"2020 Apple MacBook Air Laptop",100990,2022-05-23