Title,Price,Date
"LG 1.5 Ton 4 Star DUAL Inverter Split AC (Copper, Super Convertible 5-in-1 Cooling, HD Filter with Anti-Virus Protection, 2022 Model, PS-Q18KNYE, White)",38990,2022-05-27
"LG 1.5 Ton 4 Star DUAL Inverter Split AC (Copper, Super Convertible 5-in-1 Cooling, HD Filter with Anti-Virus Protection, 2022 Model, PS-Q18KNYE, White)",38990,2022-05-27
"LG 1.5 Ton 4 Star DUAL Inverter Split AC (Copper, Super Convertible 5-in-1 Cooling, HD Filter with Anti-Virus Protection, 2022 Model, PS-Q18KNYE, White)",38990,2022-05-27
"LG 1.5 Ton 4 Star DUAL Inverter Split AC (Copper, Super Convertible 5-in-1 Cooling, HD Filter with Anti-Virus Protection, 2022 Model, PS-Q18KNYE, White)",38990,2022-05-27
"LG 1.5 Ton 4 Star DUAL Inverter Split AC (Copper, Super Convertible 5-in-1 Cooling, HD Filter with Anti-Virus Protection, 2022 Model, PS-Q18KNYE, White)",38990,2022-05-27
"LG 1.5 Ton 4 Star DUAL Inverter Split AC (Copper, Super Convertible 5-in-1 Cooling, HD Filter with Anti-Virus Protection, 2022 Model, PS-Q18KNYE, White)",38990,2022-05-27
"LG 1.5 Ton 4 Star DUAL Inverter Split AC (Copper, Super Convertible 5-in-1 Cooling, HD Filter with Anti-Virus Protection, 2022 Model, PS-Q18KNYE, White)",38990,2022-05-27
"LG 1.5 Ton 4 Star DUAL Inverter Split AC (Copper, Super Convertible 5-in-1 Cooling, HD Filter with Anti-Virus Protection, 2022 Model, PS-Q18KNYE, White)",38990,2022-05-27
"LG 1.5 Ton 4 Star DUAL Inverter Split AC (Copper, Super Convertible 5-in-1 Cooling, HD Filter with Anti-Virus Protection, 2022 Model, PS-Q18KNYE, White)",38990,2022-05-27
"LG 1.5 Ton 4 Star DUAL Inverter Split AC (Copper, Super Convertible 5-in-1 Cooling, HD Filter with Anti-Virus Protection, 2022 Model, PS-Q18KNYE, White)",38990,2022-05-27
"LG 1.5 Ton 4 Star DUAL Inverter Split AC (Copper, Super Convertible 5-in-1 Cooling, HD Filter with Anti-Virus Protection, 2022 Model, PS-Q18KNYE, White)",38990,2022-05-27
"LG 1.5 Ton 4 Star DUAL Inverter Split AC (Copper, Super Convertible 5-in-1 Cooling, HD Filter with Anti-Virus Protection, 2022 Model, PS-Q18KNYE, White)",38990,2022-05-27
"LG 1.5 Ton 4 Star DUAL Inverter Split AC (Copper, Super Convertible 5-in-1 Cooling, HD Filter with Anti-Virus Protection, 2022 Model, PS-Q18KNYE, White)",38990,2022-05-27
"LG 1.5 Ton 4 Star DUAL Inverter Split AC (Copper, Super Convertible 5-in-1 Cooling, HD Filter with Anti-Virus Protection, 2022 Model, PS-Q18KNYE, White)",38990,2022-05-27
"LG 1.5 Ton 4 Star DUAL Inverter Split AC (Copper, Super Convertible 5-in-1 Cooling, HD Filter with Anti-Virus Protection, 2022 Model, PS-Q18KNYE, White)",38990,2022-05-27
"LG 1.5 Ton 4 Star DUAL Inverter Split AC (Copper, Super Convertible 5-in-1 Cooling, HD Filter with Anti-Virus Protection, 2022 Model, PS-Q18KNYE, White)",38990,2022-05-27
"LG 1.5 Ton 4 Star DUAL Inverter Split AC (Copper, Super Convertible 5-in-1 Cooling, HD Filter with Anti-Virus Protection, 2022 Model, PS-Q18KNYE, White)",38990,2022-05-27
"LG 1.5 Ton 4 Star DUAL Inverter Split AC (Copper, Super Convertible 5-in-1 Cooling, HD Filter with Anti-Virus Protection, 2022 Model, PS-Q18KNYE, White)",38990,2022-05-27
"LG 1.5 Ton 4 Star DUAL Inverter Split AC (Copper, Super Convertible 5-in-1 Cooling, HD Filter with Anti-Virus Protection, 2022 Model, PS-Q18KNYE, White)",38990,2022-05-27
"LG 1.5 Ton 4 Star DUAL Inverter Split AC (Copper, Super Convertible 5-in-1 Cooling, HD Filter with Anti-Virus Protection, 2022 Model, PS-Q18KNYE, White)",38990,2022-05-27
"LG 1.5 Ton 4 Star DUAL Inverter Split AC (Copper, Super Convertible 5-in-1 Cooling, HD Filter with Anti-Virus Protection, 2022 Model, PS-Q18KNYE, White)",38990,2022-05-27
"LG 1.5 Ton 4 Star DUAL Inverter Split AC (Copper, Super Convertible 5-in-1 Cooling, HD Filter with Anti-Virus Protection, 2022 Model, PS-Q18KNYE, White)",38990,2022-05-27
"LG 1.5 Ton 4 Star DUAL Inverter Split AC (Copper, Super Convertible 5-in-1 Cooling, HD Filter with Anti-Virus Protection, 2022 Model, PS-Q18KNYE, White)",38990,2022-05-27
"LG 1.5 Ton 4 Star DUAL Inverter Split AC (Copper, Super Convertible 5-in-1 Cooling, HD Filter with Anti-Virus Protection, 2022 Model, PS-Q18KNYE, White)",38990,2022-05-27
"LG 1.5 Ton 4 Star DUAL Inverter Split AC (Copper, Super Convertible 5-in-1 Cooling, HD Filter with Anti-Virus Protection, 2022 Model, PS-Q18KNYE, White)",38990,2022-05-27
"LG 1.5 Ton 4 Star DUAL Inverter Split AC (Copper, Super Convertible 5-in-1 Cooling, HD Filter with Anti-Virus Protection, 2022 Model, PS-Q18KNYE, White)",38990,2022-05-27
"LG 1.5 Ton 4 Star DUAL Inverter Split AC (Copper, Super Convertible 5-in-1 Cooling, HD Filter with Anti-Virus Protection, 2022 Model, PS-Q18KNYE, White)",38990,2022-05-27
"LG 1.5 Ton 4 Star DUAL Inverter Split AC (Copper, Super Convertible 5-in-1 Cooling, HD Filter with Anti-Virus Protection, 2022 Model, PS-Q18KNYE, White)",38990,2022-05-27
"LG 1.5 Ton 4 Star DUAL Inverter Split AC (Copper, Super Convertible 5-in-1 Cooling, HD Filter with Anti-Virus Protection, 2022 Model, PS-Q18KNYE, White)",38990,2022-05-27
"LG 1.5 Ton 4 Star DUAL Inverter Split AC (Copper, Super Convertible 5-in-1 Cooling, HD Filter with Anti-Virus Protection, 2022 Model, PS-Q18KNYE, White)",38990,2022-05-27
"LG 1.5 Ton 4 Star DUAL Inverter Split AC (Copper, Super Convertible 5-in-1 Cooling, HD Filter with Anti-Virus Protection, 2022 Model, PS-Q18KNYE, White)",38990,2022-05-27
"LG 1.5 Ton 4 Star DUAL Inverter Split AC (Copper, Super Convertible 5-in-1 Cooling, HD Filter with Anti-Virus Protection, 2022 Model, PS-Q18KNYE, White)",38990,2022-05-27
"LG 1.5 Ton 4 Star DUAL Inverter Split AC (Copper, Super Convertible 5-in-1 Cooling, HD Filter with Anti-Virus Protection, 2022 Model, PS-Q18KNYE, White)",38990,2022-05-27
"LG 1.5 Ton 4 Star DUAL Inverter Split AC (Copper, Super Convertible 5-in-1 Cooling, HD Filter with Anti-Virus Protection, 2022 Model, PS-Q18KNYE, White)",38990,2022-05-27
"LG 1.5 Ton 4 Star DUAL Inverter Split AC (Copper, Super Convertible 5-in-1 Cooling, HD Filter with Anti-Virus Protection, 2022 Model, PS-Q18KNYE, White)",38990,2022-05-27
"LG 1.5 Ton 4 Star DUAL Inverter Split AC (Copper, Super Convertible 5-in-1 Cooling, HD Filter with Anti-Virus Protection, 2022 Model, PS-Q18KNYE, White)",38990,2022-05-27
"LG 1.5 Ton 4 Star DUAL Inverter Split AC (Copper, Super Convertible 5-in-1 Cooling, HD Filter with Anti-Virus Protection, 2022 Model, PS-Q18KNYE, White)",38990,2022-05-27
"LG 1.5 Ton 4 Star DUAL Inverter Split AC (Copper, Super Convertible 5-in-1 Cooling, HD Filter with Anti-Virus Protection, 2022 Model, PS-Q18KNYE, White)",38990,2022-05-27
"LG 1.5 Ton 4 Star DUAL Inverter Split AC (Copper, Super Convertible 5-in-1 Cooling, HD Filter with Anti-Virus Protection, 2022 Model, PS-Q18KNYE, White)",38990,2022-05-27
"LG 1.5 Ton 4 Star DUAL Inverter Split AC (Copper, Super Convertible 5-in-1 Cooling, HD Filter with Anti-Virus Protection, 2022 Model, PS-Q18KNYE, White)",38990,2022-05-27
"LG 1.5 Ton 4 Star DUAL Inverter Split AC (Copper, Super Convertible 5-in-1 Cooling, HD Filter with Anti-Virus Protection, 2022 Model, PS-Q18KNYE, White)",38990,2022-05-27
"LG 1.5 Ton 4 Star DUAL Inverter Split AC (Copper, Super Convertible 5-in-1 Cooling, HD Filter with Anti-Virus Protection, 2022 Model, PS-Q18KNYE, White)",38990,2022-05-27
"LG 1.5 Ton 4 Star DUAL Inverter Split AC (Copper, Super Convertible 5-in-1 Cooling, HD Filter with Anti-Virus Protection, 2022 Model, PS-Q18KNYE, White)",38990,2022-05-27
"LG 1.5 Ton 4 Star DUAL Inverter Split AC (Copper, Super Convertible 5-in-1 Cooling, HD Filter with Anti-Virus Protection, 2022 Model, PS-Q18KNYE, White)",38990,2022-05-27
"LG 1.5 Ton 4 Star DUAL Inverter Split AC (Copper, Super Convertible 5-in-1 Cooling, HD Filter with Anti-Virus Protection, 2022 Model, PS-Q18KNYE, White)",38990,2022-05-27
"LG 1.5 Ton 4 Star DUAL Inverter Split AC (Copper, Super Convertible 5-in-1 Cooling, HD Filter with Anti-Virus Protection, 2022 Model, PS-Q18KNYE, White)",38990,2022-05-27
"LG 1.5 Ton 4 Star DUAL Inverter Split AC (Copper, Super Convertible 5-in-1 Cooling, HD Filter with Anti-Virus Protection, 2022 Model, PS-Q18KNYE, White)",44990,2022-05-27
"LG 1.5 Ton 4 Star DUAL Inverter Split AC (Copper, Super Convertible 5-in-1 Cooling, HD Filter with Anti-Virus Protection, 2022 Model, PS-Q18KNYE, White)",38990,2022-05-27
"LG 1.5 Ton 4 Star DUAL Inverter Split AC (Copper, Super Convertible 5-in-1 Cooling, HD Filter with Anti-Virus Protection, 2022 Model, PS-Q18KNYE, White)",38990,2022-05-27
"LG 1.5 Ton 4 Star DUAL Inverter Split AC (Copper, Super Convertible 5-in-1 Cooling, HD Filter with Anti-Virus Protection, 2022 Model, PS-Q18KNYE, White)",38990,2022-05-27
"LG 1.5 Ton 4 Star DUAL Inverter Split AC (Copper, Super Convertible 5-in-1 Cooling, HD Filter with Anti-Virus Protection, 2022 Model, PS-Q18KNYE, White)",38990,2022-05-27
"LG 1.5 Ton 4 Star DUAL Inverter Split AC (Copper, Super Convertible 5-in-1 Cooling, HD Filter with Anti-Virus Protection, 2022 Model, PS-Q18KNYE, White)",38990,2022-05-27
"LG 1.5 Ton 4 Star DUAL Inverter Split AC (Copper, Super Convertible 5-in-1 Cooling, HD Filter with Anti-Virus Protection, 2022 Model, PS-Q18KNYE, White)",38990,2022-05-27
"LG 1.5 Ton 4 Star DUAL Inverter Split AC (Copper, Super Convertible 5-in-1 Cooling, HD Filter with Anti-Virus Protection, 2022 Model, PS-Q18KNYE, White)",38990,2022-05-27
"LG 1.5 Ton 4 Star DUAL Inverter Split AC (Copper, Super Convertible 5-in-1 Cooling, HD Filter with Anti-Virus Protection, 2022 Model, PS-Q18KNYE, White)",38990,2022-05-27
"LG 1.5 Ton 4 Star DUAL Inverter Split AC (Copper, Super Convertible 5-in-1 Cooling, HD Filter with Anti-Virus Protection, 2022 Model, PS-Q18KNYE, White)",38990,2022-05-27
